[
  {
    "Type": "Plugin",
    "SupportedVersion": "4.50",
    "DirectoryPath": "UserManuals/nopCommerce 4.50/Widgets.UserManuals/",
    "SystemName": "Widgets.UserManuals",
    "SourceDirectoryPath": "UserManuals/nopCommerce 4.50/Nop.Plugin.Widgets.UserManuals/"
  },
  {
    "Type": "Plugin",
    "SupportedVersion": "4.60",
    "DirectoryPath": "UserManuals/nopCommerce 4.60/Widgets.UserManuals/",
    "SystemName": "Widgets.UserManuals",
    "SourceDirectoryPath": "UserManuals/nopCommerce 4.60/Nop.Plugin.Widgets.UserManuals/"
  }
]