[
  {
    "Type": "Plugin",
    "SupportedVersion": "4.70",
    "DirectoryPath": "UserManuals/nopCommerce 4.70/Widgets.UserManuals/",
    "SystemName": "Widgets.UserManuals",
    "SourceDirectoryPath": "UserManuals/nopCommerce 4.70/Nop.Plugin.Widgets.UserManuals/"
  },
  {
    "Type": "Plugin",
    "SupportedVersion": "4.80",
    "DirectoryPath": "UserManuals/nopCommerce 4.80/Widgets.UserManuals/",
    "SystemName": "Widgets.UserManuals",
    "SourceDirectoryPath": "UserManuals/nopCommerce 4.80/Nop.Plugin.Widgets.UserManuals/"
  },
  {
    "Type": "Plugin",
    "SupportedVersion": "4.90",
    "DirectoryPath": "UserManuals/nopCommerce 4.90/Widgets.UserManuals/",
    "SystemName": "Widgets.UserManuals",
    "SourceDirectoryPath": "UserManuals/nopCommerce 4.90/Nop.Plugin.Widgets.UserManuals/"
  }
]