[
  {
    "Type": "Plugin",
    "SupportedVersion": "4.30",
    "DirectoryPath": "UserManuals/nopCommerce 4.30/Widgets.UserManuals/",
    "SystemName": "Widgets.UserManuals",
    "SourceDirectoryPath": "UserManuals/nopCommerce 4.30/Nop.Plugin.Widgets.UserManuals/"
  },
  {
    "Type": "Plugin",
    "SupportedVersion": "4.40",
    "DirectoryPath": "UserManuals/nopCommerce 4.40/Widgets.UserManuals/",
    "SystemName": "Widgets.UserManuals",
    "SourceDirectoryPath": "UserManuals/nopCommerce 4.40/Nop.Plugin.Widgets.UserManuals/"
  }
]