[
  {
    "Type": "Plugin",
    "SupportedVersion": "4.60",
    "DirectoryPath": "UserManuals/nopCommerce 4.60/Widgets.UserManuals/",
    "SystemName": "Widgets.UserManuals",
    "SourceDirectoryPath": "UserManuals/nopCommerce 4.60/Nop.Plugin.Widgets.UserManuals/"
  },
  {
    "Type": "Plugin",
    "SupportedVersion": "4.70",
    "DirectoryPath": "UserManuals/nopCommerce 4.70/Widgets.UserManuals/",
    "SystemName": "Widgets.UserManuals",
    "SourceDirectoryPath": "UserManuals/nopCommerce 4.70/Nop.Plugin.Widgets.UserManuals/"
  }
]